n,business-name href,business-name,categories 2,categories href 2,categories 3,categories href 3,track-visit-website href,years-in-business src,phones,street-address,open-status,body,rating href,menu href
1,https://www.yellowpages.com/atlanta-ga/mip/aspen-dental-564007701?lid=1002188386781,Aspen Dental,Cosmetic Dentistry,https://www.yellowpages.com/atlanta-ga/cosmetic-dentistry,Dental Hygienists,https://www.yellowpages.com/atlanta-ga/dental-hygienists,https://www.aspendental.com/schedule-an-appointment/?fc=4259&utm_source=YP&utm_medium=IYP&utm_campaign=Atlanta_GA-MMIYP-4259,https://i3.ypcdn.com/ypu/images/icons/biz-info/in-business.svg?9fd8636,(770) 450-5220,2937 Cobb Pkwy SE Ste 100,OPEN NOW,"From Business: Located in Atlanta, GA, Aspen Dental provides comprehensive and affordable dental services. Our offerings include dentures, dental implants, routine dental…",,
2,https://www.yellowpages.com/atlanta-ga/mip/aspen-dental-567647296?lid=1002188390778,Aspen Dental,Cosmetic Dentistry,https://www.yellowpages.com/atlanta-ga/cosmetic-dentistry,Dental Hygienists,https://www.yellowpages.com/atlanta-ga/dental-hygienists,https://www.aspendental.com/schedule-an-appointment/?fc=4213&utm_source=YP&utm_medium=IYP&utm_campaign=Dunwood_GA-MMIYP-4213,https://i3.ypcdn.com/ypu/images/icons/biz-info/in-business.svg?9fd8636,(256) 781-3091,4718 Ashford Dunwoody Rd,OPEN NOW,"From Business: Located in Dunwoody, GA, Aspen Dental provides comprehensive and affordable dental services. Our offerings include dentures, dental implants, routine dental…",,
3,https://www.yellowpages.com/atlanta-ga/mip/metro-dental-472309557?lid=1002125492267,Metro Dental,Prosthodontists & Denture Centers,https://www.yellowpages.com/atlanta-ga/prosthodontists-denture-centers,Cosmetic Dentistry,https://www.yellowpages.com/atlanta-ga/cosmetic-dentistry,,https://i3.ypcdn.com/ypu/images/icons/biz-info/in-business.svg?9fd8636,(470) 823-1324,400 Cleveland Avenue Southwest,OPEN NOW,Metro Dental has been my dental office for 40+ years.  I have the utmost respect for this dental office as they have been there for me in numerous dental situations over the…,https://www.yellowpages.com/atlanta-ga/mip/metro-dental-472309557?lid=1002125492267#yp-rating,
4,https://www.yellowpages.com/atlanta-ga/mip/lohmann-dental-5743794,Lohmann Dental,Cosmetic Dentistry,https://www.yellowpages.com/atlanta-ga/cosmetic-dentistry,Orthodontists,https://www.yellowpages.com/atlanta-ga/orthodontists,http://lohmanndentalatlanta.com/,,(404) 352-5578,2221 Peachtree Rd NE Ste L,OPEN NOW,"When I first visited with Dr. Lohmann there was mutual concern that I could possibly lose my teeth due to gum disease, though I was otherwise healthy and active.  Dr. Lohmann…",https://www.yellowpages.com/atlanta-ga/mip/lohmann-dental-5743794#yp-rating,https://www.yellowpages.com/atlanta-ga/mip/lohmann-dental-5743794#open-menu
5,https://www.yellowpages.com/atlanta-ga/mip/j-stephen-buckler-dmd-pc-2995925,"J. Stephen Buckler, DMD PC",Periodontists,https://www.yellowpages.com/atlanta-ga/periodontists,Teeth Whitening Products & Services,https://www.yellowpages.com/atlanta-ga/teeth-whitening-products-services,,https://i3.ypcdn.com/ypu/images/icons/biz-info/in-business.svg?9fd8636,(770) 491-0960,3632 Chamblee Tucker Rd,OPEN NOW,My experience at the office has exceeded my expectations. I would definitely recommend Dr. Buckler to a family member or friend.",https://www.yellowpages.com/atlanta-ga/mip/j-stephen-buckler-dmd-pc-2995925#yp-rating,
6,https://www.yellowpages.com/atlanta-ga/mip/yi-tsu-cheng-d-d-s-502763717,"Yi-Tsu Cheng, D.D.S",,,,,http://chengdds.com/,https://i3.ypcdn.com/ypu/images/icons/biz-info/in-business.svg?9fd8636,(770) 457-3671,5008 Buford Hwy Ste B,CLOSED NOW,The  hygienist  is  too  great  for  words!  I’m  speechless  of  how  well  their  work  is.  Nothing  better  than  a  thoroughly  clean  mouth.",https://www.yellowpages.com/atlanta-ga/mip/yi-tsu-cheng-d-d-s-502763717#yp-rating,https://www.yellowpages.com/atlanta-ga/mip/yi-tsu-cheng-d-d-s-502763717#open-menu
7,https://www.yellowpages.com/atlanta-ga/mip/nancy-ann-ferrara-dds-548672167,"Nancy Ann Ferrara, DDS",Oral & Maxillofacial Surgery,https://www.yellowpages.com/atlanta-ga/oral-maxillofacial-surgery,,,https://www.mooresmilldental.com/,https://i3.ypcdn.com/ypu/images/icons/biz-info/in-business.svg?9fd8636,(404) 351-5200,1980 Moores Mill Rd NW,OPEN NOW,I love this office I have been coming for many years now. The staff is awesome. I love Dr. Nancy she is great.",https://www.yellowpages.com/atlanta-ga/mip/nancy-ann-ferrara-dds-548672167#yp-rating,
8,https://www.yellowpages.com/atlanta-ga/mip/amy-v-mandalia-dds-514045042,"Amy V. Mandalia, DDS",,,,,,https://i3.ypcdn.com/ypu/images/icons/biz-info/in-business.svg?9fd8636,(678) 321-1888,900 Peachtree St NE Ste 100A,OPEN NOW,She is always fantastic! Absolutely love her. Always knowledgeable and always friendly.",https://www.yellowpages.com/atlanta-ga/mip/amy-v-mandalia-dds-514045042#yp-rating,
9,https://www.yellowpages.com/atlanta-ga/mip/susan-g-rifkin-dds-7797962,"Susan G. Rifkin, DDS",Dental Hygienists,https://www.yellowpages.com/atlanta-ga/dental-hygienists,Dental Clinics,https://www.yellowpages.com/atlanta-ga/dental-clinics,https://www.allsmilesdds.com/,https://i3.ypcdn.com/ypu/images/icons/biz-info/in-business.svg?9fd8636,(770) 393-0800,1000 Abernathy Rd,OPEN NOW,"The entire staff is professional, courteous, and respectful. I always feel that my needs are the top priority of the practice.""",https://www.yellowpages.com/atlanta-ga/mip/susan-g-rifkin-dds-7797962#yp-rating,https://www.yellowpages.com/atlanta-ga/mip/susan-g-rifkin-dds-7797962#open-menu
10,https://www.yellowpages.com/atlanta-ga/mip/andrew-james-king-dmd-542816602,"Andrew James King, DMD",,,,,http://allsmilesdds.com/,,(770) 393-0800,1000 Abernathy Rd,,"I have been coming to this practice, with my entire family, for over thirty years. We all love Dr. King and Dr. Rifkin.  Even my young grandsons like coming here! In fact, my…",https://www.yellowpages.com/atlanta-ga/mip/andrew-james-king-dmd-542816602#yp-rating,
11,https://www.yellowpages.com/atlanta-ga/mip/sandy-springs-dental-8428008,Sandy Springs Dental,,,,,http://www.dentaltlc.com/,https://i3.ypcdn.com/ypu/images/icons/biz-info/in-business.svg?9fd8636,(404) 252-7373,5975 Roswell Rd Ste D229,OPEN NOW,"I went to Sandy Springs Dental for a cleaning. While Dr. Stoever and my hygienist were very kind and knowledgeable, I will not return.Every interaction I had with the…",https://www.yellowpages.com/atlanta-ga/mip/sandy-springs-dental-8428008#yp-rating,https://www.yellowpages.com/atlanta-ga/mip/sandy-springs-dental-8428008#open-menu
12,https://www.yellowpages.com/atlanta-ga/mip/gallery-32-dental-arts-11405285,Gallery 32 Dental Arts,Dental Hygienists,https://www.yellowpages.com/atlanta-ga/dental-hygienists,Implant Dentistry,https://www.yellowpages.com/atlanta-ga/implant-dentistry,http://www.dentistinbuckhead.com/,https://i3.ypcdn.com/ypu/images/icons/biz-info/in-business.svg?9fd8636,(404) 255-6929,3580 Piedmont Rd NE,OPEN NOW,,,
13,https://www.yellowpages.com/atlanta-ga/mip/great-expressions-dental-centers-1481357,Great Expressions Dental Centers,Dental Clinics,https://www.yellowpages.com/atlanta-ga/dental-clinics,Periodontists,https://www.yellowpages.com/atlanta-ga/periodontists,https://www.greatexpressions.com/dental-offices/georgia-offices/dunwoody,,(770) 451-7041,1720 Old Spring House Ln Ste 315,,,,
14,https://www.yellowpages.com/atlanta-ga/mip/craig-h-ricks-dds-468449853,"Craig H Ricks, DDS",Dental Hygienists,https://www.yellowpages.com/atlanta-ga/dental-hygienists,Implant Dentistry,https://www.yellowpages.com/atlanta-ga/implant-dentistry,,https://i3.ypcdn.com/ypu/images/icons/biz-info/in-business.svg?9fd8636,(404) 767-7788,5529 Old National Hwy,,"THE BEST DENTIST I HAVE EVER BEEN TO AND DEFINITELY, THE MOST GENTLE AND PAINLESS.  AND SINCE DOCTORS MAKE THE WORSE PATIENTS, I THINK IT SAYS A LOT!  i USED TO FALL ASLEEP…",https://www.yellowpages.com/atlanta-ga/mip/craig-h-ricks-dds-468449853#yp-rating,https://www.yellowpages.com/atlanta-ga/mip/craig-h-ricks-dds-468449853#open-menu
15,https://www.yellowpages.com/atlanta-ga/mip/buckhead-family-dentistry-8749795,Buckhead Family Dentistry,Medical Clinics,https://www.yellowpages.com/atlanta-ga/medical-clinics,Clinics,https://www.yellowpages.com/atlanta-ga/clinics,http://www.familydentalatlanta.com/,https://i3.ypcdn.com/ypu/images/icons/biz-info/in-business.svg?9fd8636,(404) 846-9100,3379 Peachtree Rd NE,OPEN NOW,Highly Recommended. I have been a patient of Dr. Travis Paige for over 12 years and I have never been disappointed. He provides excellent care. He is highly intelligent and…,https://www.yellowpages.com/atlanta-ga/mip/buckhead-family-dentistry-8749795#yp-rating,https://www.yellowpages.com/atlanta-ga/mip/buckhead-family-dentistry-8749795#open-menu
16,https://www.yellowpages.com/atlanta-ga/mip/new-health-dentistry-480155514,New Health Dentistry,,,,,,,(404) 445-1499,227 Sandy Springs Pl,OPEN NOW,"i was in there for a root canal and crown. half the price of the others. i had no problems during my visit, no mistakes or issues. temporary crown came off, but its called…",https://www.yellowpages.com/atlanta-ga/mip/new-health-dentistry-480155514#yp-rating,
17,https://www.yellowpages.com/atlanta-ga/mip/kim-terry-c-dds-12415261,"Kim, Terry C, DDS",Orthodontists,https://www.yellowpages.com/atlanta-ga/orthodontists,Oral & Maxillofacial Surgery,https://www.yellowpages.com/atlanta-ga/oral-maxillofacial-surgery,http://www.dunwoodydentalcare.com/,,(770) 393-1524,2494 Jett Ferry Rd,OPEN NOW,"He worked on 3 of my teeth. One with the cavity started hurting after he did the work on it (but it was not hurting before), it became very sensitive to even drinking room…",https://www.yellowpages.com/atlanta-ga/mip/kim-terry-c-dds-12415261#yp-rating,
18,https://www.yellowpages.com/atlanta-ga/mip/lucian-maxwell-ferguson-dds-464430333,"Lucian Maxwell Ferguson, DDS",Periodontists,https://www.yellowpages.com/atlanta-ga/periodontists,Oral & Maxillofacial Surgery,https://www.yellowpages.com/atlanta-ga/oral-maxillofacial-surgery,,https://i3.ypcdn.com/ypu/images/icons/biz-info/in-business.svg?9fd8636,(404) 816-8725,2970 Peachtree Rd NW Ste 460,OPEN NOW,Great family dentist! Very experienced and makes the kids feel very comfortable. The whole family goes here!",https://www.yellowpages.com/atlanta-ga/mip/lucian-maxwell-ferguson-dds-464430333#yp-rating,
19,https://www.yellowpages.com/atlanta-ga/mip/freeman-paul-dds-473847723,Freeman Paul DDS,Cosmetic Dentistry,https://www.yellowpages.com/atlanta-ga/cosmetic-dentistry,,,http://www.atlantadentistrybydesign.com/,https://i3.ypcdn.com/ypu/images/icons/biz-info/in-business.svg?9fd8636,(404) 355-2001,1938 Peachtree Rd NW Ste 308,OPEN NOW,"From Business: Serving Buckhead, Midtown, and the entire Atlanta area Ã¢â‚¬â€œ Dr. Paul Freeman is your General, Cosmetic and Emergency Dentist, offering one visit CEREC…",,
20,https://www.yellowpages.com/atlanta-ga/mip/sage-dental-of-north-druid-hills-460702745,Sage Dental of North Druid Hills,Dental Hygienists,https://www.yellowpages.com/atlanta-ga/dental-hygienists,Dental Clinics,https://www.yellowpages.com/atlanta-ga/dental-clinics,http://www.druidhillsdental.com/,,(404) 460-5710,2171 Lavista Rd NE Ste 200,OPEN NOW,"From Business: Welcome to Sage Dental of North Druid Hills, our modern and family-friendly approach ensures that your smile is our passion and that you receive comprehensive…",,
21,https://www.yellowpages.com/atlanta-ga/mip/richard-earl-williams-dds-468706995,"Richard Earl Williams, DDS",Implant Dentistry,https://www.yellowpages.com/atlanta-ga/implant-dentistry,Teeth Whitening Products & Services,https://www.yellowpages.com/atlanta-ga/teeth-whitening-products-services,,,(404) 237-3309,3535 Piedmont Rd NE Ste P80,,,,https://www.yellowpages.com/atlanta-ga/mip/richard-earl-williams-dds-468706995#open-menu
22,https://www.yellowpages.com/atlanta-ga/mip/blackburn-479300408,Blackburn,Periodontists,https://www.yellowpages.com/atlanta-ga/periodontists,Prosthodontists & Denture Centers,https://www.yellowpages.com/atlanta-ga/prosthodontists-denture-centers,https://www.atlantaprosthodontics.com/,https://i3.ypcdn.com/ypu/images/icons/biz-info/in-business.svg?9fd8636,(404) 659-7696,2812 Piedmont Rd NE,OPEN NOW,,,https://www.yellowpages.com/atlanta-ga/mip/blackburn-479300408#open-menu
23,https://www.yellowpages.com/atlanta-ga/mip/negelow-steven-j-dds-468340193,"Negelow, Steven J, DDS",,,,,,https://i3.ypcdn.com/ypu/images/icons/biz-info/in-business.svg?9fd8636,(404) 261-0909,2900 Peachtree Rd NW Ste 209,CLOSED NOW,,,
24,https://www.yellowpages.com/atlanta-ga/mip/rozema-donald-r-dds-pc-4204765,Rozema Donald R DDS PC,Implant Dentistry,https://www.yellowpages.com/atlanta-ga/implant-dentistry,Teeth Whitening Products & Services,https://www.yellowpages.com/atlanta-ga/teeth-whitening-products-services,,,(404) 252-4220,300 W Wieuca Rd NE Ste B210,OPEN NOW,,,https://www.yellowpages.com/atlanta-ga/mip/rozema-donald-r-dds-pc-4204765#open-menu
25,https://www.yellowpages.com/atlanta-ga/mip/vinings-family-dentistry-3379142,Vinings Family Dentistry,,,,,http://www.viningsfamilydentistry.com/,,(770) 432-1608,2931 Paces Ferry Rd SE,OPEN NOW,,,
26,https://www.yellowpages.com/atlanta-ga/mip/david-a-mays-dds-1105765,David A Mays DDS,Oral & Maxillofacial Surgery,https://www.yellowpages.com/atlanta-ga/oral-maxillofacial-surgery,,,,,(404) 696-6466,3412 Martin Luther King Jr Dr SW,OPEN NOW,,,
27,https://www.yellowpages.com/atlanta-ga/mip/susan-h-lee-dmd-2123030?lid=1001598671044,"Susan H. Lee, DMD",Pediatric Dentistry,https://www.yellowpages.com/atlanta-ga/pediatric-dentistry,,,http://www.atlantakidsdentist.com/,https://i3.ypcdn.com/ypu/images/icons/biz-info/in-business.svg?9fd8636,(404) 355-8557,3280 Howell Mill Rd NW,OPEN NOW,"From Business: For over 10 years, Dr. Lee has been striving to provide children in the Atlanta area the highest quality dental care in a gentle, fun environment. Working along…",,https://www.yellowpages.com/atlanta-ga/mip/susan-h-lee-dmd-2123030?lid=1001598671044#open-menu
28,https://www.yellowpages.com/atlanta-ga/mip/small-smiles-dental-centers-532950,Small Smiles Dental Centers,Pediatric Dentistry,https://www.yellowpages.com/atlanta-ga/pediatric-dentistry,,,http://www.smallsmilesusa.com/,https://i3.ypcdn.com/ypu/images/icons/biz-info/in-business.svg?9fd8636,(404) 696-3163,3050 Martin Luther King Jr Dr SW Ste A,,I LOVE THIS DENTAL OFFICE.THE STAFF ARE VERY FRIENDLY AND PROFESSIONAL.",https://www.yellowpages.com/atlanta-ga/mip/small-smiles-dental-centers-532950#yp-rating,https://www.yellowpages.com/atlanta-ga/mip/small-smiles-dental-centers-532950#open-menu
29,https://www.yellowpages.com/atlanta-ga/mip/marable-h-t-dds-481049166,"Marable, H T, DDS",,,,,http://simplysmile.com/,,(404) 577-0868,75 Marietta St NW Ste 100,OPEN NOW,,,
30,https://www.yellowpages.com/atlanta-ga/mip/allen-matthew-dds-481060978,"Allen, Matthew, DDS",,,,,http://www.atlantadentalcare.org/Matthew_Allen_DDS.html,,(404) 762-5441,171 Cleveland Ave SW,,,,
